user_id,age,gender,platform,daily_usage_time_minutes,posts_per_day,likes_received_per_day,comments_received_per_day,messages_sent_per_day,dominant_emotion,daily_usage_time_hours,age_group,usage_time_category
1,25,Female,Instagram,120,3,45,10,12,Happiness,2,21-25,2-3 hours
2,30,Male,X,90,5,20,25,30,Anger,2,26-30,2-3 hours
3,22,Non-binary,Facebook,60,2,15,5,20,Neutral,1,21-25,1-2 hours
4,28,Female,Instagram,200,8,100,30,50,Anxiety,3,26-30,3+ hours
5,33,Male,LinkedIn,45,1,5,2,10,Boredom,1,31-35,1-2 hours
6,21,Male,Instagram,150,4,60,15,25,Happiness,3,21-25,3+ hours
7,27,Female,X,85,3,30,10,18,Anger,1,26-30,1-2 hours
8,24,Non-binary,Facebook,110,6,25,12,22,Sadness,2,21-25,2-3 hours
9,29,Female,LinkedIn,55,2,10,3,8,Neutral,1,26-30,1-2 hours
10,31,Male,Instagram,170,5,80,20,35,Happiness,3,31-35,3+ hours
11,23,Female,X,75,4,35,7,20,Anxiety,1,21-25,1-2 hours
12,26,Non-binary,Facebook,95,3,20,10,18,Sadness,2,26-30,2-3 hours
13,34,Male,LinkedIn,65,1,12,4,15,Boredom,1,31-35,1-2 hours
14,22,Female,Instagram,180,7,90,25,40,Happiness,3,21-25,3+ hours
15,28,Male,X,100,6,40,23,28,Anger,2,26-30,2-3 hours
16,21,Non-binary,Facebook,40,1,5,2,10,Neutral,1,21-25,1-2 hours
17,35,Female,Instagram,125,4,55,18,30,Anxiety,2,31-35,2-3 hours
18,27,Male,X,90,3,33,15,25,Sadness,2,26-30,2-3 hours
19,23,Non-binary,LinkedIn,50,1,8,3,12,Neutral,1,21-25,1-2 hours
20,32,Female,Instagram,140,5,70,22,33,Happiness,2,31-35,2-3 hours
21,26,Male,Facebook,75,2,25,10,18,Anxiety,1,26-30,1-2 hours
22,24,Female,X,105,4,28,14,20,Anger,2,21-25,2-3 hours
23,29,Male,LinkedIn,60,2,11,5,17,Boredom,1,26-30,1-2 hours
24,33,Non-binary,Instagram,190,8,95,26,45,Happiness,3,31-35,3+ hours
25,22,Female,X,70,3,20,12,15,Sadness,1,21-25,1-2 hours
26,31,Male,Facebook,80,2,18,8,21,Neutral,1,31-35,1-2 hours
27,27,Non-binary,LinkedIn,55,1,9,2,11,Anxiety,1,26-30,1-2 hours
28,25,Female,Instagram,160,6,85,19,32,Happiness,3,21-25,3+ hours
29,30,Male,X,90,4,38,17,24,Anger,2,26-30,2-3 hours
30,26,Non-binary,Facebook,45,1,6,3,10,Sadness,1,26-30,1-2 hours
31,34,Female,LinkedIn,65,2,13,4,14,Boredom,1,31-35,1-2 hours
32,28,Male,Instagram,145,5,75,20,35,Happiness,2,26-30,2-3 hours
33,23,Non-binary,X,70,3,27,11,18,Neutral,1,21-25,1-2 hours
34,21,Female,Instagram,130,6,88,15,30,Sadness,2,21-25,2-3 hours
35,29,Male,Facebook,65,2,22,8,20,Anxiety,1,26-30,1-2 hours
36,24,Non-binary,LinkedIn,55,1,10,5,11,Boredom,1,21-25,1-2 hours
37,33,Female,Instagram,170,7,90,25,40,Happiness,3,31-35,3+ hours
38,27,Male,X,85,4,35,15,20,Anger,1,26-30,1-2 hours
39,22,Female,Instagram,115,3,55,12,25,Neutral,2,21-25,2-3 hours
40,28,Non-binary,Facebook,100,2,18,10,22,Anxiety,2,26-30,2-3 hours
41,31,Male,LinkedIn,45,1,6,2,9,Sadness,1,31-35,1-2 hours
42,25,Female,Instagram,150,6,80,18,30,Happiness,3,21-25,3+ hours
43,29,Male,X,95,4,40,20,22,Anger,2,26-30,2-3 hours
44,23,Non-binary,Facebook,105,2,20,8,18,Neutral,2,21-25,2-3 hours
45,35,Female,LinkedIn,60,1,12,5,14,Boredom,1,31-35,1-2 hours
46,30,Male,Instagram,175,7,85,23,38,Happiness,3,26-30,3+ hours
47,21,Female,X,90,3,33,12,20,Sadness,2,21-25,2-3 hours
48,26,Non-binary,Facebook,75,2,28,11,18,Anxiety,1,26-30,1-2 hours
49,32,Male,Instagram,130,5,70,19,31,Neutral,2,31-35,2-3 hours
50,28,Female,LinkedIn,55,1,8,4,10,Boredom,1,26-30,1-2 hours
51,27,Male,Instagram,165,6,78,22,27,Happiness,3,26-30,3+ hours
52,24,Female,X,75,3,29,15,19,Anger,1,21-25,1-2 hours
53,29,Non-binary,Facebook,85,2,25,7,20,Neutral,1,26-30,1-2 hours
54,33,Female,Instagram,145,4,60,18,35,Sadness,2,31-35,2-3 hours
55,31,Male,LinkedIn,60,1,10,3,17,Anxiety,1,31-35,1-2 hours
56,22,Female,Whatsapp,70,2,40,8,21,Anxiety,1,21-25,1-2 hours
57,25,Male,Telegram,90,3,20,10,22,Boredom,2,21-25,2-3 hours
58,29,Non-binary,Snapchat,50,2,15,5,18,Sadness,1,26-30,1-2 hours
59,28,Female,X,95,4,45,20,25,Happiness,2,26-30,2-3 hours
60,27,Male,Facebook,60,1,10,4,15,Boredom,1,26-30,1-2 hours
61,30,Female,Instagram,175,6,70,23,33,Happiness,3,26-30,3+ hours
62,23,Male,Whatsapp,70,3,20,8,18,Anger,1,21-25,1-2 hours
63,34,Non-binary,Telegram,80,2,18,7,20,Neutral,1,31-35,1-2 hours
64,26,Female,Snapchat,120,4,50,15,30,Anxiety,2,26-30,2-3 hours
65,25,Male,X,90,6,40,12,26,Sadness,2,21-25,2-3 hours
66,29,Non-binary,Facebook,60,1,8,2,12,Boredom,1,26-30,1-2 hours
67,28,Male,Instagram,165,5,75,18,35,Happiness,3,26-30,3+ hours
68,31,Female,Whatsapp,65,2,25,8,20,Neutral,1,31-35,1-2 hours
69,27,Male,Telegram,105,3,45,15,28,Anxiety,2,26-30,2-3 hours
70,22,Non-binary,Snapchat,75,2,18,6,20,Sadness,1,21-25,1-2 hours
71,24,Female,Instagram,140,4,60,18,30,Happiness,2,21-25,2-3 hours
72,35,Male,X,70,1,12,7,10,Boredom,1,31-35,1-2 hours
73,21,Non-binary,Facebook,55,3,15,5,12,Neutral,1,21-25,1-2 hours
74,29,Female,Whatsapp,90,2,20,9,22,Anger,2,26-30,2-3 hours
75,25,Male,Telegram,80,4,28,11,25,Neutral,1,21-25,1-2 hours
76,28,Non-binary,Snapchat,115,3,36,12,27,Anxiety,2,26-30,2-3 hours
77,32,Female,Instagram,155,6,72,20,38,Happiness,3,31-35,3+ hours
78,26,Male,X,75,2,22,10,18,Sadness,1,26-30,1-2 hours
79,33,Non-binary,Facebook,65,1,12,5,14,Anxiety,1,31-35,1-2 hours
80,27,Female,Whatsapp,90,4,35,14,20,Neutral,2,26-30,2-3 hours
81,31,Male,Telegram,50,2,18,6,12,Sadness,1,31-35,1-2 hours
82,24,Non-binary,Snapchat,85,3,30,13,18,Happiness,1,21-25,1-2 hours
83,34,Female,Instagram,120,5,55,19,25,Anger,2,31-35,2-3 hours
84,22,Male,X,70,1,20,5,22,Neutral,1,21-25,1-2 hours
85,29,Non-binary,Facebook,75,2,18,8,20,Boredom,1,26-30,1-2 hours
86,28,Female,Whatsapp,100,4,35,12,26,Anxiety,2,26-30,2-3 hours
87,31,Male,Telegram,85,3,40,15,28,Sadness,1,31-35,1-2 hours
88,21,Non-binary,Snapchat,60,1,15,5,12,Neutral,1,21-25,1-2 hours
89,25,Female,Instagram,170,6,78,22,33,Happiness,3,21-25,3+ hours
90,30,Male,X,70,2,28,10,20,Anxiety,1,26-30,1-2 hours
91,27,Non-binary,Facebook,50,1,8,2,10,Boredom,1,26-30,1-2 hours
92,32,Female,Whatsapp,105,4,50,18,25,Anger,2,31-35,2-3 hours
93,24,Male,Telegram,75,3,33,13,22,Neutral,1,21-25,1-2 hours
94,29,Female,Snapchat,95,2,20,7,28,Sadness,2,26-30,2-3 hours
95,26,Male,Instagram,150,5,65,20,30,Anxiety,3,26-30,3+ hours
96,33,Non-binary,X,85,4,30,13,18,Boredom,1,31-35,1-2 hours
97,22,Female,Facebook,70,1,12,5,10,Neutral,1,21-25,1-2 hours
98,35,Male,Whatsapp,110,3,45,20,25,Happiness,2,31-35,2-3 hours
99,28,Non-binary,Telegram,60,2,15,6,18,Anger,1,26-30,1-2 hours
100,27,Female,Snapchat,120,4,38,13,22,Neutral,2,26-30,2-3 hours
101,25,Female,Instagram,120,5,50,20,25,Happiness,2,21-25,2-3 hours
102,30,Male,X,90,4,30,20,22,Anger,2,26-30,2-3 hours
103,22,Non-binary,Facebook,60,2,20,10,15,Neutral,1,21-25,1-2 hours
104,28,Female,Instagram,200,8,110,40,45,Anxiety,3,26-30,3+ hours
105,33,Male,LinkedIn,45,1,10,5,12,Boredom,1,31-35,1-2 hours
106,21,Male,Instagram,150,5,65,25,30,Happiness,3,21-25,3+ hours
107,27,Female,X,85,3,40,18,20,Anger,1,26-30,1-2 hours
108,24,Non-binary,Facebook,110,6,35,16,25,Sadness,2,21-25,2-3 hours
109,29,Female,LinkedIn,55,2,15,5,10,Neutral,1,26-30,1-2 hours
110,31,Male,Instagram,170,7,90,35,40,Happiness,3,31-35,3+ hours
111,23,Female,X,75,4,45,20,25,Anxiety,1,21-25,1-2 hours
112,26,Non-binary,Facebook,95,3,30,14,18,Sadness,2,26-30,2-3 hours
113,34,Male,LinkedIn,65,1,14,6,15,Boredom,1,31-35,1-2 hours
114,22,Female,Instagram,180,8,100,38,45,Happiness,3,21-25,3+ hours
115,28,Male,X,100,6,50,30,29,Anger,2,26-30,2-3 hours
116,21,Non-binary,Facebook,40,1,10,4,12,Neutral,1,21-25,1-2 hours
117,35,Female,Instagram,125,5,65,22,28,Anxiety,2,31-35,2-3 hours
118,27,Male,X,90,3,40,16,24,Sadness,2,26-30,2-3 hours
119,23,Non-binary,LinkedIn,50,1,12,6,12,Neutral,1,21-25,1-2 hours
120,32,Female,Instagram,140,6,75,28,30,Happiness,2,31-35,2-3 hours
121,26,Male,Facebook,75,2,30,14,20,Anxiety,1,26-30,1-2 hours
122,24,Female,X,105,4,35,20,23,Anger,2,21-25,2-3 hours
123,29,Male,LinkedIn,60,2,17,8,15,Boredom,1,26-30,1-2 hours
124,33,Non-binary,Instagram,190,8,105,36,50,Happiness,3,31-35,3+ hours
125,22,Female,X,70,3,25,16,15,Sadness,1,21-25,1-2 hours
126,31,Male,Facebook,80,2,20,10,20,Neutral,1,31-35,1-2 hours
127,27,Non-binary,LinkedIn,55,1,12,5,11,Anxiety,1,26-30,1-2 hours
128,25,Female,Instagram,160,6,85,26,30,Happiness,3,21-25,3+ hours
129,30,Male,X,90,4,43,19,24,Anger,2,26-30,2-3 hours
130,26,Non-binary,Facebook,45,1,8,4,12,Sadness,1,26-30,1-2 hours
131,34,Female,LinkedIn,65,2,17,5,14,Boredom,1,31-35,1-2 hours
132,28,Male,Instagram,145,7,80,30,35,Happiness,2,26-30,2-3 hours
133,23,Non-binary,X,70,3,30,14,18,Neutral,1,21-25,1-2 hours
134,21,Female,Instagram,130,6,95,22,28,Sadness,2,21-25,2-3 hours
135,29,Male,Facebook,65,2,27,11,22,Anxiety,1,26-30,1-2 hours
136,24,Non-binary,LinkedIn,55,1,11,6,11,Boredom,1,21-25,1-2 hours
137,33,Female,Instagram,170,7,95,30,38,Happiness,3,31-35,3+ hours
138,27,Male,X,85,4,45,18,24,Anger,1,26-30,1-2 hours
139,22,Female,Instagram,115,3,60,17,30,Neutral,2,21-25,2-3 hours
140,28,Non-binary,Facebook,100,2,22,12,25,Anxiety,2,26-30,2-3 hours
141,31,Male,LinkedIn,45,1,9,4,10,Sadness,1,31-35,1-2 hours
142,25,Female,Instagram,150,6,90,26,30,Happiness,3,21-25,3+ hours
143,29,Male,X,95,4,50,22,22,Anger,2,26-30,2-3 hours
144,23,Non-binary,Facebook,105,2,25,12,18,Neutral,2,21-25,2-3 hours
145,35,Female,LinkedIn,60,1,15,7,14,Boredom,1,31-35,1-2 hours
146,30,Male,Instagram,175,7,100,33,38,Happiness,3,26-30,3+ hours
147,21,Female,X,90,3,37,14,20,Sadness,2,21-25,2-3 hours
148,26,Non-binary,Facebook,75,2,30,12,18,Anxiety,1,26-30,1-2 hours
149,32,Male,Instagram,130,5,80,28,31,Neutral,2,31-35,2-3 hours
150,28,Female,LinkedIn,55,1,12,6,10,Boredom,1,26-30,1-2 hours
151,27,Male,Instagram,165,6,85,30,28,Happiness,3,26-30,3+ hours
152,24,Female,X,75,3,33,18,19,Anger,1,21-25,1-2 hours
153,29,Non-binary,Facebook,85,2,27,9,20,Neutral,1,26-30,1-2 hours
154,33,Female,Instagram,145,4,65,23,35,Sadness,2,31-35,2-3 hours
155,31,Male,LinkedIn,60,1,15,7,17,Anxiety,1,31-35,1-2 hours
156,22,Female,Whatsapp,70,2,42,10,21,Anxiety,1,21-25,1-2 hours
157,25,Male,Telegram,90,3,22,11,22,Boredom,2,21-25,2-3 hours
158,29,Non-binary,Snapchat,50,2,18,7,18,Sadness,1,26-30,1-2 hours
159,28,Female,X,95,4,48,22,25,Happiness,2,26-30,2-3 hours
160,27,Male,Facebook,60,1,12,5,15,Boredom,1,26-30,1-2 hours
161,30,Female,Instagram,175,6,72,30,33,Happiness,3,26-30,3+ hours
162,23,Male,Whatsapp,70,3,22,10,18,Anger,1,21-25,1-2 hours
163,34,Non-binary,Telegram,80,2,21,8,20,Neutral,1,31-35,1-2 hours
164,26,Female,Snapchat,120,4,55,18,30,Anxiety,2,26-30,2-3 hours
165,25,Male,X,90,6,42,14,26,Sadness,2,21-25,2-3 hours
166,29,Non-binary,Facebook,60,1,12,4,12,Boredom,1,26-30,1-2 hours
167,28,Male,Instagram,165,5,78,23,35,Happiness,3,26-30,3+ hours
168,31,Female,Whatsapp,65,2,27,10,20,Neutral,1,31-35,1-2 hours
169,27,Male,Telegram,105,3,48,20,28,Anxiety,2,26-30,2-3 hours
170,22,Non-binary,Snapchat,75,2,21,8,20,Sadness,1,21-25,1-2 hours
171,24,Female,Instagram,140,4,65,22,30,Happiness,2,21-25,2-3 hours
172,35,Male,X,70,1,13,8,10,Boredom,1,31-35,1-2 hours
173,21,Non-binary,Facebook,55,3,17,7,12,Neutral,1,21-25,1-2 hours
174,29,Female,Whatsapp,90,2,24,12,22,Anger,2,26-30,2-3 hours
175,25,Male,Telegram,80,4,30,13,25,Neutral,1,21-25,1-2 hours
176,28,Non-binary,Snapchat,115,3,38,18,27,Anxiety,2,26-30,2-3 hours
177,32,Female,Instagram,155,6,75,25,38,Happiness,3,31-35,3+ hours
178,26,Male,X,75,2,23,12,18,Sadness,1,26-30,1-2 hours
179,33,Non-binary,Facebook,65,1,13,7,14,Anxiety,1,31-35,1-2 hours
180,27,Female,Whatsapp,90,4,37,18,20,Neutral,2,26-30,2-3 hours
181,31,Male,Telegram,50,2,20,10,12,Sadness,1,31-35,1-2 hours
182,24,Non-binary,Snapchat,85,3,33,20,18,Happiness,1,21-25,1-2 hours
183,34,Female,Instagram,120,5,60,25,25,Anger,2,31-35,2-3 hours
184,22,Male,X,70,1,22,7,22,Neutral,1,21-25,1-2 hours
185,29,Non-binary,Facebook,75,2,20,8,20,Boredom,1,26-30,1-2 hours
186,28,Female,Whatsapp,100,4,37,14,26,Anxiety,2,26-30,2-3 hours
187,31,Male,Telegram,85,3,45,20,28,Sadness,1,31-35,1-2 hours
188,21,Non-binary,Snapchat,60,1,18,7,12,Neutral,1,21-25,1-2 hours
189,25,Female,Instagram,170,6,83,30,33,Happiness,3,21-25,3+ hours
190,30,Male,X,70,2,30,12,20,Anxiety,1,26-30,1-2 hours
191,27,Non-binary,Facebook,50,1,10,4,10,Boredom,1,26-30,1-2 hours
192,32,Female,Whatsapp,105,4,55,25,25,Anger,2,31-35,2-3 hours
193,24,Male,Telegram,75,3,37,16,22,Neutral,1,21-25,1-2 hours
194,29,Female,Snapchat,95,2,23,10,28,Sadness,2,26-30,2-3 hours
195,26,Male,Instagram,150,5,70,25,30,Anxiety,3,26-30,3+ hours
196,33,Non-binary,X,85,4,35,18,18,Boredom,1,31-35,1-2 hours
197,22,Female,Facebook,70,1,14,6,10,Neutral,1,21-25,1-2 hours
198,35,Male,Whatsapp,110,3,50,25,25,Happiness,2,31-35,2-3 hours
199,28,Non-binary,Telegram,60,2,18,8,18,Anger,1,26-30,1-2 hours
200,27,Female,Snapchat,120,4,40,18,22,Neutral,2,26-30,2-3 hours
201,25,Female,Instagram,120,5,50,20,25,Happiness,2,21-25,2-3 hours
202,30,Male,X,90,4,30,20,22,Anger,2,26-30,2-3 hours
203,22,Non-binary,Facebook,60,2,20,10,15,Neutral,1,21-25,1-2 hours
204,28,Female,Instagram,200,8,110,40,45,Anxiety,3,26-30,3+ hours
205,33,Male,LinkedIn,45,1,10,5,12,Boredom,1,31-35,1-2 hours
206,21,Male,Instagram,150,5,65,25,30,Happiness,3,21-25,3+ hours
207,27,Female,X,85,3,40,18,20,Anger,1,26-30,1-2 hours
208,24,Non-binary,Facebook,110,6,35,16,25,Sadness,2,21-25,2-3 hours
209,29,Female,LinkedIn,55,2,15,5,10,Neutral,1,26-30,1-2 hours
210,31,Male,Instagram,170,7,90,35,40,Happiness,3,31-35,3+ hours
211,23,Female,X,75,4,45,20,25,Anxiety,1,21-25,1-2 hours
212,26,Non-binary,Facebook,95,3,30,14,18,Sadness,2,26-30,2-3 hours
213,34,Male,LinkedIn,65,1,14,6,15,Boredom,1,31-35,1-2 hours
214,22,Female,Instagram,180,8,100,38,45,Happiness,3,21-25,3+ hours
215,28,Male,X,100,6,50,30,29,Anger,2,26-30,2-3 hours
216,21,Non-binary,Facebook,40,1,10,4,12,Neutral,1,21-25,1-2 hours
217,35,Female,Instagram,125,5,65,22,28,Anxiety,2,31-35,2-3 hours
218,27,Male,X,90,3,40,16,24,Sadness,2,26-30,2-3 hours
219,23,Non-binary,LinkedIn,50,1,12,6,12,Neutral,1,21-25,1-2 hours
220,32,Female,Instagram,140,6,75,28,30,Happiness,2,31-35,2-3 hours
221,26,Male,Facebook,75,2,30,14,20,Anxiety,1,26-30,1-2 hours
222,24,Female,X,105,4,35,20,23,Anger,2,21-25,2-3 hours
223,29,Male,LinkedIn,60,2,17,8,15,Boredom,1,26-30,1-2 hours
224,33,Non-binary,Instagram,190,8,105,36,50,Happiness,3,31-35,3+ hours
225,22,Female,X,70,3,25,16,15,Sadness,1,21-25,1-2 hours
226,31,Male,Facebook,80,2,20,10,20,Neutral,1,31-35,1-2 hours
227,27,Non-binary,LinkedIn,55,1,12,5,11,Anxiety,1,26-30,1-2 hours
228,25,Female,Instagram,160,6,85,26,30,Happiness,3,21-25,3+ hours
229,30,Male,X,90,4,43,19,24,Anger,2,26-30,2-3 hours
230,26,Non-binary,Facebook,45,1,8,4,12,Sadness,1,26-30,1-2 hours
231,34,Female,LinkedIn,65,2,17,5,14,Boredom,1,31-35,1-2 hours
232,28,Male,Instagram,145,7,80,30,35,Happiness,2,26-30,2-3 hours
233,23,Non-binary,X,70,3,30,14,18,Neutral,1,21-25,1-2 hours
234,21,Female,Instagram,130,6,95,22,28,Sadness,2,21-25,2-3 hours
235,29,Male,Facebook,65,2,27,11,22,Anxiety,1,26-30,1-2 hours
236,24,Non-binary,LinkedIn,55,1,11,6,11,Boredom,1,21-25,1-2 hours
237,33,Female,Instagram,170,7,95,30,38,Happiness,3,31-35,3+ hours
238,27,Male,X,85,4,45,18,24,Anger,1,26-30,1-2 hours
239,22,Female,Instagram,115,3,60,17,30,Neutral,2,21-25,2-3 hours
240,28,Non-binary,Facebook,100,2,22,12,25,Anxiety,2,26-30,2-3 hours
241,31,Male,LinkedIn,45,1,9,4,10,Sadness,1,31-35,1-2 hours
242,25,Female,Instagram,150,6,90,26,30,Happiness,3,21-25,3+ hours
243,29,Male,X,95,4,50,22,22,Anger,2,26-30,2-3 hours
244,23,Non-binary,Facebook,105,2,25,12,18,Neutral,2,21-25,2-3 hours
245,35,Female,LinkedIn,60,1,15,7,14,Boredom,1,31-35,1-2 hours
246,30,Male,Instagram,175,7,100,33,38,Happiness,3,26-30,3+ hours
247,21,Female,X,90,3,37,14,20,Sadness,2,21-25,2-3 hours
248,26,Non-binary,Facebook,75,2,30,12,18,Anxiety,1,26-30,1-2 hours
249,32,Male,Instagram,130,5,80,28,31,Neutral,2,31-35,2-3 hours
250,28,Female,LinkedIn,55,1,12,6,10,Boredom,1,26-30,1-2 hours
251,27,Male,Instagram,165,6,85,30,28,Happiness,3,26-30,3+ hours
252,24,Female,X,75,3,33,18,19,Anger,1,21-25,1-2 hours
253,29,Non-binary,Facebook,85,2,27,9,20,Neutral,1,26-30,1-2 hours
254,33,Female,Instagram,145,4,65,23,35,Sadness,2,31-35,2-3 hours
255,31,Male,LinkedIn,60,1,15,7,17,Anxiety,1,31-35,1-2 hours
256,22,Female,Whatsapp,70,2,42,10,21,Anxiety,1,21-25,1-2 hours
257,25,Male,Telegram,90,3,22,11,22,Boredom,2,21-25,2-3 hours
258,29,Non-binary,Snapchat,50,2,18,7,18,Sadness,1,26-30,1-2 hours
259,28,Female,X,95,4,48,22,25,Happiness,2,26-30,2-3 hours
260,27,Male,Facebook,60,1,12,5,15,Boredom,1,26-30,1-2 hours
261,30,Female,Instagram,175,6,72,30,33,Happiness,3,26-30,3+ hours
262,23,Male,Whatsapp,70,3,22,10,18,Anger,1,21-25,1-2 hours
263,34,Non-binary,Telegram,80,2,21,8,20,Neutral,1,31-35,1-2 hours
264,26,Female,Snapchat,120,4,55,18,30,Anxiety,2,26-30,2-3 hours
265,25,Male,X,90,6,42,14,26,Sadness,2,21-25,2-3 hours
266,29,Non-binary,Facebook,60,1,12,4,12,Boredom,1,26-30,1-2 hours
267,28,Male,Instagram,165,5,78,23,35,Happiness,3,26-30,3+ hours
268,31,Female,Whatsapp,65,2,27,10,20,Neutral,1,31-35,1-2 hours
269,27,Male,Telegram,105,3,48,20,28,Anxiety,2,26-30,2-3 hours
270,22,Non-binary,Snapchat,75,2,21,8,20,Sadness,1,21-25,1-2 hours
271,24,Female,Instagram,140,4,65,22,30,Happiness,2,21-25,2-3 hours
272,35,Male,X,70,1,13,8,10,Boredom,1,31-35,1-2 hours
273,21,Non-binary,Facebook,55,3,17,7,12,Neutral,1,21-25,1-2 hours
274,29,Female,Whatsapp,90,2,24,12,22,Anger,2,26-30,2-3 hours
275,25,Male,Telegram,80,4,30,13,25,Neutral,1,21-25,1-2 hours
276,28,Non-binary,Snapchat,115,3,38,18,27,Anxiety,2,26-30,2-3 hours
277,32,Female,Instagram,155,6,75,25,38,Happiness,3,31-35,3+ hours
278,26,Male,X,75,2,23,12,18,Sadness,1,26-30,1-2 hours
279,33,Non-binary,Facebook,65,1,13,7,14,Anxiety,1,31-35,1-2 hours
280,27,Female,Whatsapp,90,4,37,18,20,Neutral,2,26-30,2-3 hours
281,31,Male,Telegram,50,2,20,10,12,Sadness,1,31-35,1-2 hours
282,24,Non-binary,Snapchat,85,3,33,20,18,Happiness,1,21-25,1-2 hours
283,34,Female,Instagram,120,5,60,25,25,Anger,2,31-35,2-3 hours
284,22,Male,X,70,1,22,7,22,Neutral,1,21-25,1-2 hours
285,29,Non-binary,Facebook,75,2,20,8,20,Boredom,1,26-30,1-2 hours
286,28,Female,Whatsapp,100,4,37,14,26,Anxiety,2,26-30,2-3 hours
287,31,Male,Telegram,85,3,45,20,28,Sadness,1,31-35,1-2 hours
288,21,Non-binary,Snapchat,60,1,18,7,12,Neutral,1,21-25,1-2 hours
289,25,Female,Instagram,170,6,83,30,33,Happiness,3,21-25,3+ hours
290,30,Male,X,70,2,30,12,20,Anxiety,1,26-30,1-2 hours
291,27,Non-binary,Facebook,50,1,10,4,10,Boredom,1,26-30,1-2 hours
292,32,Female,Whatsapp,105,4,55,25,25,Anger,2,31-35,2-3 hours
293,24,Male,Telegram,75,3,37,16,22,Neutral,1,21-25,1-2 hours
294,29,Female,Snapchat,95,2,23,10,28,Sadness,2,26-30,2-3 hours
295,26,Male,Instagram,150,5,70,25,30,Anxiety,3,26-30,3+ hours
296,33,Non-binary,X,85,4,35,18,18,Boredom,1,31-35,1-2 hours
297,22,Female,Facebook,70,1,14,6,10,Neutral,1,21-25,1-2 hours
298,35,Male,Whatsapp,110,3,50,25,25,Happiness,2,31-35,2-3 hours
299,28,Non-binary,Telegram,60,2,18,8,18,Anger,1,26-30,1-2 hours
300,27,Female,Snapchat,120,4,40,18,22,Neutral,2,26-30,2-3 hours
301,25,Female,Instagram,120,5,50,20,25,Happiness,2,21-25,2-3 hours
302,30,Male,X,90,4,30,20,22,Anger,2,26-30,2-3 hours
303,22,Non-binary,Facebook,60,2,20,10,15,Neutral,1,21-25,1-2 hours
304,28,Female,Instagram,200,8,110,40,45,Anxiety,3,26-30,3+ hours
305,33,Male,LinkedIn,45,1,10,5,12,Boredom,1,31-35,1-2 hours
306,21,Male,Instagram,150,5,65,25,30,Happiness,3,21-25,3+ hours
307,27,Female,X,85,3,40,18,20,Anger,1,26-30,1-2 hours
308,24,Non-binary,Facebook,110,6,35,16,25,Sadness,2,21-25,2-3 hours
309,29,Female,LinkedIn,55,2,15,5,10,Neutral,1,26-30,1-2 hours
310,31,Male,Instagram,170,7,90,35,40,Happiness,3,31-35,3+ hours
311,23,Female,X,75,4,45,20,25,Anxiety,1,21-25,1-2 hours
312,26,Non-binary,Facebook,95,3,30,14,18,Sadness,2,26-30,2-3 hours
313,34,Male,LinkedIn,65,1,14,6,15,Boredom,1,31-35,1-2 hours
314,22,Female,Instagram,180,8,100,38,45,Happiness,3,21-25,3+ hours
315,28,Male,X,100,6,50,30,29,Anger,2,26-30,2-3 hours
316,21,Non-binary,Facebook,40,1,10,4,12,Neutral,1,21-25,1-2 hours
317,35,Female,Instagram,125,5,65,22,28,Anxiety,2,31-35,2-3 hours
318,27,Male,X,90,3,40,16,24,Sadness,2,26-30,2-3 hours
319,23,Non-binary,LinkedIn,50,1,12,6,12,Neutral,1,21-25,1-2 hours
320,32,Female,Instagram,140,6,75,28,30,Happiness,2,31-35,2-3 hours
321,26,Male,Facebook,75,2,30,14,20,Anxiety,1,26-30,1-2 hours
322,24,Female,X,105,4,35,20,23,Anger,2,21-25,2-3 hours
323,29,Male,LinkedIn,60,2,17,8,15,Boredom,1,26-30,1-2 hours
324,33,Non-binary,Instagram,190,8,105,36,50,Happiness,3,31-35,3+ hours
325,22,Female,X,70,3,25,16,15,Sadness,1,21-25,1-2 hours
326,31,Male,Facebook,80,2,20,10,20,Neutral,1,31-35,1-2 hours
327,27,Non-binary,LinkedIn,55,1,12,5,11,Anxiety,1,26-30,1-2 hours
328,25,Female,Instagram,160,6,85,26,30,Happiness,3,21-25,3+ hours
329,30,Male,X,90,4,43,19,24,Anger,2,26-30,2-3 hours
330,26,Non-binary,Facebook,45,1,8,4,12,Sadness,1,26-30,1-2 hours
331,34,Female,LinkedIn,65,2,17,5,14,Boredom,1,31-35,1-2 hours
332,28,Male,Instagram,145,7,80,30,35,Happiness,2,26-30,2-3 hours
333,23,Non-binary,X,70,3,30,14,18,Neutral,1,21-25,1-2 hours
334,21,Female,Instagram,130,6,95,22,28,Sadness,2,21-25,2-3 hours
335,29,Male,Facebook,65,2,27,11,22,Anxiety,1,26-30,1-2 hours
336,24,Non-binary,LinkedIn,55,1,11,6,11,Boredom,1,21-25,1-2 hours
337,33,Female,Instagram,170,7,95,30,38,Happiness,3,31-35,3+ hours
338,27,Male,X,85,4,45,18,24,Anger,1,26-30,1-2 hours
339,22,Female,Instagram,115,3,60,17,30,Neutral,2,21-25,2-3 hours
340,28,Non-binary,Facebook,100,2,22,12,25,Anxiety,2,26-30,2-3 hours
341,31,Male,LinkedIn,45,1,9,4,10,Sadness,1,31-35,1-2 hours
342,25,Female,Instagram,150,6,90,26,30,Happiness,3,21-25,3+ hours
343,29,Male,X,95,4,50,22,22,Anger,2,26-30,2-3 hours
344,23,Non-binary,Facebook,105,2,25,12,18,Neutral,2,21-25,2-3 hours
345,35,Female,LinkedIn,60,1,15,7,14,Boredom,1,31-35,1-2 hours
346,30,Male,Instagram,175,7,100,33,38,Happiness,3,26-30,3+ hours
347,21,Female,X,90,3,37,14,20,Sadness,2,21-25,2-3 hours
348,26,Non-binary,Facebook,75,2,30,12,18,Anxiety,1,26-30,1-2 hours
349,32,Male,Instagram,130,5,80,28,31,Neutral,2,31-35,2-3 hours
350,28,Female,LinkedIn,55,1,12,6,10,Boredom,1,26-30,1-2 hours
351,27,Male,Instagram,165,6,85,30,28,Happiness,3,26-30,3+ hours
352,24,Female,X,75,3,33,18,19,Anger,1,21-25,1-2 hours
353,29,Non-binary,Facebook,85,2,27,9,20,Neutral,1,26-30,1-2 hours
354,33,Female,Instagram,145,4,65,23,35,Sadness,2,31-35,2-3 hours
355,31,Male,LinkedIn,60,1,15,7,17,Anxiety,1,31-35,1-2 hours
356,22,Female,Whatsapp,70,2,42,10,21,Anxiety,1,21-25,1-2 hours
357,25,Male,Telegram,90,3,22,11,22,Boredom,2,21-25,2-3 hours
358,29,Non-binary,Snapchat,50,2,18,7,18,Sadness,1,26-30,1-2 hours
359,28,Female,X,95,4,48,22,25,Happiness,2,26-30,2-3 hours
360,27,Male,Facebook,60,1,12,5,15,Boredom,1,26-30,1-2 hours
361,30,Female,Instagram,175,6,72,30,33,Happiness,3,26-30,3+ hours
362,23,Male,Whatsapp,70,3,22,10,18,Anger,1,21-25,1-2 hours
363,34,Non-binary,Telegram,80,2,21,8,20,Neutral,1,31-35,1-2 hours
364,26,Female,Snapchat,120,4,55,18,30,Anxiety,2,26-30,2-3 hours
365,25,Male,X,90,6,42,14,26,Sadness,2,21-25,2-3 hours
366,29,Non-binary,Facebook,60,1,12,4,12,Boredom,1,26-30,1-2 hours
367,28,Male,Instagram,165,5,78,23,35,Happiness,3,26-30,3+ hours
368,31,Female,Whatsapp,65,2,27,10,20,Neutral,1,31-35,1-2 hours
369,27,Male,Telegram,105,3,48,20,28,Anxiety,2,26-30,2-3 hours
370,22,Non-binary,Snapchat,75,2,21,8,20,Sadness,1,21-25,1-2 hours
371,24,Female,Instagram,140,4,65,22,30,Happiness,2,21-25,2-3 hours
372,35,Male,X,70,1,13,8,10,Boredom,1,31-35,1-2 hours
373,21,Non-binary,Facebook,55,3,17,7,12,Neutral,1,21-25,1-2 hours
374,29,Female,Whatsapp,90,2,24,12,22,Anger,2,26-30,2-3 hours
375,25,Male,Telegram,80,4,30,13,25,Neutral,1,21-25,1-2 hours
376,28,Non-binary,Snapchat,115,3,38,18,27,Anxiety,2,26-30,2-3 hours
377,32,Female,Instagram,155,6,75,25,38,Happiness,3,31-35,3+ hours
378,26,Male,X,75,2,23,12,18,Sadness,1,26-30,1-2 hours
379,33,Non-binary,Facebook,65,1,13,7,14,Anxiety,1,31-35,1-2 hours
380,27,Female,Whatsapp,90,4,37,18,20,Neutral,2,26-30,2-3 hours
381,31,Male,Telegram,50,2,20,10,12,Sadness,1,31-35,1-2 hours
382,24,Non-binary,Snapchat,85,3,33,20,18,Happiness,1,21-25,1-2 hours
383,34,Female,Instagram,120,5,60,25,25,Anger,2,31-35,2-3 hours
384,22,Male,X,70,1,22,7,22,Neutral,1,21-25,1-2 hours
385,29,Non-binary,Facebook,75,2,20,8,20,Boredom,1,26-30,1-2 hours
386,28,Female,Whatsapp,100,4,37,14,26,Anxiety,2,26-30,2-3 hours
387,31,Male,Telegram,85,3,45,20,28,Sadness,1,31-35,1-2 hours
388,21,Non-binary,Snapchat,60,1,18,7,12,Neutral,1,21-25,1-2 hours
389,25,Female,Instagram,170,6,83,30,33,Happiness,3,21-25,3+ hours
390,30,Male,X,70,2,30,12,20,Anxiety,1,26-30,1-2 hours
391,27,Non-binary,Facebook,50,1,10,4,10,Boredom,1,26-30,1-2 hours
392,32,Female,Whatsapp,105,4,55,25,25,Anger,2,31-35,2-3 hours
393,24,Male,Telegram,75,3,37,16,22,Neutral,1,21-25,1-2 hours
394,29,Female,Snapchat,95,2,23,10,28,Sadness,2,26-30,2-3 hours
395,26,Male,Instagram,150,5,70,25,30,Anxiety,3,26-30,3+ hours
396,33,Non-binary,X,85,4,35,18,18,Boredom,1,31-35,1-2 hours
397,22,Female,Facebook,70,1,14,6,10,Neutral,1,21-25,1-2 hours
398,35,Male,Whatsapp,110,3,50,25,25,Happiness,2,31-35,2-3 hours
399,28,Non-binary,Telegram,60,2,18,8,18,Anger,1,26-30,1-2 hours
400,27,Female,Snapchat,120,4,40,18,22,Neutral,2,26-30,2-3 hours
401,25,Female,Instagram,120,5,50,20,25,Happiness,2,21-25,2-3 hours
402,30,Male,X,90,4,30,20,22,Anger,2,26-30,2-3 hours
403,22,Non-binary,Facebook,60,2,20,10,15,Neutral,1,21-25,1-2 hours
404,28,Female,Instagram,200,8,110,40,45,Anxiety,3,26-30,3+ hours
405,33,Male,LinkedIn,45,1,10,5,12,Boredom,1,31-35,1-2 hours
406,21,Male,Instagram,150,5,65,25,30,Happiness,3,21-25,3+ hours
407,27,Female,X,85,3,40,18,20,Anger,1,26-30,1-2 hours
408,24,Non-binary,Facebook,110,6,35,16,25,Sadness,2,21-25,2-3 hours
409,29,Female,LinkedIn,55,2,15,5,10,Neutral,1,26-30,1-2 hours
410,31,Male,Instagram,170,7,90,35,40,Happiness,3,31-35,3+ hours
411,23,Female,X,75,4,45,20,25,Anxiety,1,21-25,1-2 hours
412,26,Non-binary,Facebook,95,3,30,14,18,Sadness,2,26-30,2-3 hours
413,34,Male,LinkedIn,65,1,14,6,15,Boredom,1,31-35,1-2 hours
414,22,Female,Instagram,180,8,100,38,45,Happiness,3,21-25,3+ hours
415,28,Male,X,100,6,50,30,29,Anger,2,26-30,2-3 hours
416,21,Non-binary,Facebook,40,1,10,4,12,Neutral,1,21-25,1-2 hours
417,35,Female,Instagram,125,5,65,22,28,Anxiety,2,31-35,2-3 hours
418,27,Male,X,90,3,40,16,24,Sadness,2,26-30,2-3 hours
419,23,Non-binary,LinkedIn,50,1,12,6,12,Neutral,1,21-25,1-2 hours
420,32,Female,Instagram,140,6,75,28,30,Happiness,2,31-35,2-3 hours
421,26,Male,Facebook,75,2,30,14,20,Anxiety,1,26-30,1-2 hours
422,24,Female,X,105,4,35,20,23,Anger,2,21-25,2-3 hours
423,29,Male,LinkedIn,60,2,17,8,15,Boredom,1,26-30,1-2 hours
424,33,Non-binary,Instagram,190,8,105,36,50,Happiness,3,31-35,3+ hours
425,22,Female,X,70,3,25,16,15,Sadness,1,21-25,1-2 hours
426,31,Male,Facebook,80,2,20,10,20,Neutral,1,31-35,1-2 hours
427,27,Non-binary,LinkedIn,55,1,12,5,11,Anxiety,1,26-30,1-2 hours
428,25,Female,Instagram,160,6,85,26,30,Happiness,3,21-25,3+ hours
429,30,Male,X,90,4,43,19,24,Anger,2,26-30,2-3 hours
430,26,Non-binary,Facebook,45,1,8,4,12,Sadness,1,26-30,1-2 hours
431,34,Female,LinkedIn,65,2,17,5,14,Boredom,1,31-35,1-2 hours
432,28,Male,Instagram,145,7,80,30,35,Happiness,2,26-30,2-3 hours
433,23,Non-binary,X,70,3,30,14,18,Neutral,1,21-25,1-2 hours
434,21,Female,Instagram,130,6,95,22,28,Sadness,2,21-25,2-3 hours
435,29,Male,Facebook,65,2,27,11,22,Anxiety,1,26-30,1-2 hours
436,24,Non-binary,LinkedIn,55,1,11,6,11,Boredom,1,21-25,1-2 hours
437,33,Female,Instagram,170,7,95,30,38,Happiness,3,31-35,3+ hours
438,27,Male,X,85,4,45,18,24,Anger,1,26-30,1-2 hours
439,22,Female,Instagram,115,3,60,17,30,Neutral,2,21-25,2-3 hours
440,28,Non-binary,Facebook,100,2,22,12,25,Anxiety,2,26-30,2-3 hours
441,31,Male,LinkedIn,45,1,9,4,10,Sadness,1,31-35,1-2 hours
442,25,Female,Instagram,150,6,90,26,30,Happiness,3,21-25,3+ hours
443,29,Male,X,95,4,50,22,22,Anger,2,26-30,2-3 hours
444,23,Non-binary,Facebook,105,2,25,12,18,Neutral,2,21-25,2-3 hours
445,35,Female,LinkedIn,60,1,15,7,14,Boredom,1,31-35,1-2 hours
446,30,Male,Instagram,175,7,100,33,38,Happiness,3,26-30,3+ hours
447,21,Female,X,90,3,37,14,20,Sadness,2,21-25,2-3 hours
448,26,Non-binary,Facebook,75,2,30,12,18,Anxiety,1,26-30,1-2 hours
449,32,Male,Instagram,130,5,80,28,31,Neutral,2,31-35,2-3 hours
450,28,Female,LinkedIn,55,1,12,6,10,Boredom,1,26-30,1-2 hours
451,27,Male,Instagram,165,6,85,30,28,Happiness,3,26-30,3+ hours
452,24,Female,X,75,3,33,18,19,Anger,1,21-25,1-2 hours
453,29,Non-binary,Facebook,85,2,27,9,20,Neutral,1,26-30,1-2 hours
454,33,Female,Instagram,145,4,65,23,35,Sadness,2,31-35,2-3 hours
455,31,Male,LinkedIn,60,1,15,7,17,Anxiety,1,31-35,1-2 hours
456,22,Female,Whatsapp,70,2,42,10,21,Anxiety,1,21-25,1-2 hours
457,25,Male,Telegram,90,3,22,11,22,Boredom,2,21-25,2-3 hours
458,29,Non-binary,Snapchat,50,2,18,7,18,Sadness,1,26-30,1-2 hours
459,28,Female,X,95,4,48,22,25,Happiness,2,26-30,2-3 hours
460,27,Male,Facebook,60,1,12,5,15,Boredom,1,26-30,1-2 hours
461,30,Female,Instagram,175,6,72,30,33,Happiness,3,26-30,3+ hours
462,23,Male,Whatsapp,70,3,22,10,18,Anger,1,21-25,1-2 hours
463,34,Non-binary,Telegram,80,2,21,8,20,Neutral,1,31-35,1-2 hours
464,26,Female,Snapchat,120,4,55,18,30,Anxiety,2,26-30,2-3 hours
465,25,Male,X,90,6,42,14,26,Sadness,2,21-25,2-3 hours
466,29,Non-binary,Facebook,60,1,12,4,12,Boredom,1,26-30,1-2 hours
467,28,Male,Instagram,165,5,78,23,35,Happiness,3,26-30,3+ hours
468,31,Female,Whatsapp,65,2,27,10,20,Neutral,1,31-35,1-2 hours
469,27,Male,Telegram,105,3,48,20,28,Anxiety,2,26-30,2-3 hours
470,22,Non-binary,Snapchat,75,2,21,8,20,Sadness,1,21-25,1-2 hours
471,24,Female,Instagram,140,4,65,22,30,Happiness,2,21-25,2-3 hours
472,35,Male,X,70,1,13,8,10,Boredom,1,31-35,1-2 hours
473,21,Non-binary,Facebook,55,3,17,7,12,Neutral,1,21-25,1-2 hours
474,29,Female,Whatsapp,90,2,24,12,22,Anger,2,26-30,2-3 hours
475,25,Male,Telegram,80,4,30,13,25,Neutral,1,21-25,1-2 hours
476,28,Non-binary,Snapchat,115,3,38,18,27,Anxiety,2,26-30,2-3 hours
477,32,Female,Instagram,155,6,75,25,38,Happiness,3,31-35,3+ hours
478,26,Male,X,75,2,23,12,18,Sadness,1,26-30,1-2 hours
479,33,Non-binary,Facebook,65,1,13,7,14,Anxiety,1,31-35,1-2 hours
480,27,Female,Whatsapp,90,4,37,18,20,Neutral,2,26-30,2-3 hours
481,31,Male,Telegram,50,2,20,10,12,Sadness,1,31-35,1-2 hours
482,24,Non-binary,Snapchat,85,3,33,20,18,Happiness,1,21-25,1-2 hours
483,34,Female,Instagram,120,5,60,25,25,Anger,2,31-35,2-3 hours
484,22,Male,X,70,1,22,7,22,Neutral,1,21-25,1-2 hours
485,29,Non-binary,Facebook,75,2,20,8,20,Boredom,1,26-30,1-2 hours
486,28,Female,Whatsapp,100,4,37,14,26,Anxiety,2,26-30,2-3 hours
487,31,Male,Telegram,85,3,45,20,28,Sadness,1,31-35,1-2 hours
488,21,Non-binary,Snapchat,60,1,18,7,12,Neutral,1,21-25,1-2 hours
489,25,Female,Instagram,170,6,83,30,33,Happiness,3,21-25,3+ hours
490,30,Male,X,70,2,30,12,20,Anxiety,1,26-30,1-2 hours
491,27,Non-binary,Facebook,50,1,10,4,10,Boredom,1,26-30,1-2 hours
492,32,Female,Whatsapp,105,4,55,25,25,Anger,2,31-35,2-3 hours
493,24,Male,Telegram,75,3,37,16,22,Neutral,1,21-25,1-2 hours
494,29,Female,Snapchat,95,2,23,10,28,Sadness,2,26-30,2-3 hours
495,26,Male,Instagram,150,5,70,25,30,Anxiety,3,26-30,3+ hours
496,33,Non-binary,X,85,4,35,18,18,Boredom,1,31-35,1-2 hours
497,22,Female,Facebook,70,1,14,6,10,Neutral,1,21-25,1-2 hours
498,35,Male,Whatsapp,110,3,50,25,25,Happiness,2,31-35,2-3 hours
499,28,Non-binary,Telegram,60,2,18,8,18,Anger,1,26-30,1-2 hours
500,27,Female,Snapchat,120,4,40,18,22,Neutral,2,26-30,2-3 hours
501,25,Female,Instagram,120,5,50,20,25,Happiness,2,21-25,2-3 hours
502,30,Male,X,90,4,30,20,22,Anger,2,26-30,2-3 hours
503,22,Non-binary,Facebook,60,2,20,10,15,Neutral,1,21-25,1-2 hours
504,28,Female,Instagram,200,8,110,40,45,Anxiety,3,26-30,3+ hours
505,33,Male,LinkedIn,45,1,10,5,12,Boredom,1,31-35,1-2 hours
506,21,Male,Instagram,150,5,65,25,30,Happiness,3,21-25,3+ hours
507,27,Female,X,85,3,40,18,20,Anger,1,26-30,1-2 hours
508,24,Non-binary,Facebook,110,6,35,16,25,Sadness,2,21-25,2-3 hours
509,29,Female,LinkedIn,55,2,15,5,10,Neutral,1,26-30,1-2 hours
510,31,Male,Instagram,170,7,90,35,40,Happiness,3,31-35,3+ hours
511,23,Female,X,75,4,45,20,25,Anxiety,1,21-25,1-2 hours
512,26,Non-binary,Facebook,95,3,30,14,18,Sadness,2,26-30,2-3 hours
513,34,Male,LinkedIn,65,1,14,6,15,Boredom,1,31-35,1-2 hours
514,22,Female,Instagram,180,8,100,38,45,Happiness,3,21-25,3+ hours
515,28,Male,X,100,6,50,30,29,Anger,2,26-30,2-3 hours
516,21,Non-binary,Facebook,40,1,10,4,12,Neutral,1,21-25,1-2 hours
517,35,Female,Instagram,125,5,65,22,28,Anxiety,2,31-35,2-3 hours
518,27,Male,X,90,3,40,16,24,Sadness,2,26-30,2-3 hours
519,23,Non-binary,LinkedIn,50,1,12,6,12,Neutral,1,21-25,1-2 hours
520,32,Female,Instagram,140,6,75,28,30,Happiness,2,31-35,2-3 hours
521,26,Male,Facebook,75,2,30,14,20,Anxiety,1,26-30,1-2 hours
522,24,Female,X,105,4,35,20,23,Anger,2,21-25,2-3 hours
523,29,Male,LinkedIn,60,2,17,8,15,Boredom,1,26-30,1-2 hours
524,33,Non-binary,Instagram,190,8,105,36,50,Happiness,3,31-35,3+ hours
525,22,Female,X,70,3,25,16,15,Sadness,1,21-25,1-2 hours
526,31,Male,Facebook,80,2,20,10,20,Neutral,1,31-35,1-2 hours
527,27,Non-binary,LinkedIn,55,1,12,5,11,Anxiety,1,26-30,1-2 hours
528,25,Female,Instagram,160,6,85,26,30,Happiness,3,21-25,3+ hours
529,30,Male,X,90,4,43,19,24,Anger,2,26-30,2-3 hours
530,26,Non-binary,Facebook,45,1,8,4,12,Sadness,1,26-30,1-2 hours
531,34,Female,LinkedIn,65,2,17,5,14,Boredom,1,31-35,1-2 hours
532,28,Male,Instagram,145,7,80,30,35,Happiness,2,26-30,2-3 hours
533,23,Non-binary,X,70,3,30,14,18,Neutral,1,21-25,1-2 hours
534,21,Female,Instagram,130,6,95,22,28,Sadness,2,21-25,2-3 hours
535,29,Male,Facebook,65,2,27,11,22,Anxiety,1,26-30,1-2 hours
536,24,Non-binary,LinkedIn,55,1,11,6,11,Boredom,1,21-25,1-2 hours
537,33,Female,Instagram,170,7,95,30,38,Happiness,3,31-35,3+ hours
538,27,Male,X,85,4,45,18,24,Anger,1,26-30,1-2 hours
539,22,Female,Instagram,115,3,60,17,30,Neutral,2,21-25,2-3 hours
540,28,Non-binary,Facebook,100,2,22,12,25,Anxiety,2,26-30,2-3 hours
541,31,Male,LinkedIn,45,1,9,4,10,Sadness,1,31-35,1-2 hours
542,25,Female,Instagram,150,6,90,26,30,Happiness,3,21-25,3+ hours
543,29,Male,X,95,4,50,22,22,Anger,2,26-30,2-3 hours
544,23,Non-binary,Facebook,105,2,25,12,18,Neutral,2,21-25,2-3 hours
545,35,Female,LinkedIn,60,1,15,7,14,Boredom,1,31-35,1-2 hours
546,30,Male,Instagram,175,7,100,33,38,Happiness,3,26-30,3+ hours
547,21,Female,X,90,3,37,14,20,Sadness,2,21-25,2-3 hours
548,26,Non-binary,Facebook,75,2,30,12,18,Anxiety,1,26-30,1-2 hours
549,32,Male,Instagram,130,5,80,28,31,Neutral,2,31-35,2-3 hours
550,28,Female,LinkedIn,55,1,12,6,10,Boredom,1,26-30,1-2 hours
551,27,Male,Instagram,165,6,85,30,28,Happiness,3,26-30,3+ hours
552,24,Female,X,75,3,33,18,19,Anger,1,21-25,1-2 hours
553,29,Non-binary,Facebook,85,2,27,9,20,Neutral,1,26-30,1-2 hours
554,33,Female,Instagram,145,4,65,23,35,Sadness,2,31-35,2-3 hours
555,31,Male,LinkedIn,60,1,15,7,17,Anxiety,1,31-35,1-2 hours
556,22,Female,Whatsapp,70,2,42,10,21,Anxiety,1,21-25,1-2 hours
557,25,Male,Telegram,90,3,22,11,22,Boredom,2,21-25,2-3 hours
558,29,Non-binary,Snapchat,50,2,18,7,18,Sadness,1,26-30,1-2 hours
559,28,Female,X,95,4,48,22,25,Happiness,2,26-30,2-3 hours
560,27,Male,Facebook,60,1,12,5,15,Boredom,1,26-30,1-2 hours
561,30,Female,Instagram,175,6,72,30,33,Happiness,3,26-30,3+ hours
562,23,Male,Whatsapp,70,3,22,10,18,Anger,1,21-25,1-2 hours
563,34,Non-binary,Telegram,80,2,21,8,20,Neutral,1,31-35,1-2 hours
564,26,Female,Snapchat,120,4,55,18,30,Anxiety,2,26-30,2-3 hours
565,25,Male,X,90,6,42,14,26,Sadness,2,21-25,2-3 hours
566,29,Non-binary,Facebook,60,1,12,4,12,Boredom,1,26-30,1-2 hours
567,28,Male,Instagram,165,5,78,23,35,Happiness,3,26-30,3+ hours
568,31,Female,Whatsapp,65,2,27,10,20,Neutral,1,31-35,1-2 hours
569,27,Male,Telegram,105,3,48,20,28,Anxiety,2,26-30,2-3 hours
570,22,Non-binary,Snapchat,75,2,21,8,20,Sadness,1,21-25,1-2 hours
571,24,Female,Instagram,140,4,65,22,30,Happiness,2,21-25,2-3 hours
572,35,Male,X,70,1,13,8,10,Boredom,1,31-35,1-2 hours
573,21,Non-binary,Facebook,55,3,17,7,12,Neutral,1,21-25,1-2 hours
574,29,Female,Whatsapp,90,2,24,12,22,Anger,2,26-30,2-3 hours
575,25,Male,Telegram,80,4,30,13,25,Neutral,1,21-25,1-2 hours
576,28,Non-binary,Snapchat,115,3,38,18,27,Anxiety,2,26-30,2-3 hours
577,32,Female,Instagram,155,6,75,25,38,Happiness,3,31-35,3+ hours
578,26,Male,X,75,2,23,12,18,Sadness,1,26-30,1-2 hours
579,33,Non-binary,Facebook,65,1,13,7,14,Anxiety,1,31-35,1-2 hours
580,27,Female,Whatsapp,90,4,37,18,20,Neutral,2,26-30,2-3 hours
581,31,Male,Telegram,50,2,20,10,12,Sadness,1,31-35,1-2 hours
582,24,Non-binary,Snapchat,85,3,33,20,18,Happiness,1,21-25,1-2 hours
583,34,Female,Instagram,120,5,60,25,25,Anger,2,31-35,2-3 hours
584,22,Male,X,70,1,22,7,22,Neutral,1,21-25,1-2 hours
585,29,Non-binary,Facebook,75,2,20,8,20,Boredom,1,26-30,1-2 hours
586,28,Female,Whatsapp,100,4,37,14,26,Anxiety,2,26-30,2-3 hours
587,31,Male,Telegram,85,3,45,20,28,Sadness,1,31-35,1-2 hours
588,21,Non-binary,Snapchat,60,1,18,7,12,Neutral,1,21-25,1-2 hours
589,25,Female,Instagram,170,6,83,30,33,Happiness,3,21-25,3+ hours
590,30,Male,X,70,2,30,12,20,Anxiety,1,26-30,1-2 hours
591,27,Non-binary,Facebook,50,1,10,4,10,Boredom,1,26-30,1-2 hours
592,32,Female,Whatsapp,105,4,55,25,25,Anger,2,31-35,2-3 hours
593,24,Male,Telegram,75,3,37,16,22,Neutral,1,21-25,1-2 hours
594,29,Female,Snapchat,95,2,23,10,28,Sadness,2,26-30,2-3 hours
595,26,Male,Instagram,150,5,70,25,30,Anxiety,3,26-30,3+ hours
596,33,Non-binary,X,85,4,35,18,18,Boredom,1,31-35,1-2 hours
597,22,Female,Facebook,70,1,14,6,10,Neutral,1,21-25,1-2 hours
598,35,Male,Whatsapp,110,3,50,25,25,Happiness,2,31-35,2-3 hours
599,28,Non-binary,Telegram,60,2,18,8,18,Anger,1,26-30,1-2 hours
600,27,Female,Snapchat,120,4,40,18,22,Neutral,2,26-30,2-3 hours
601,25,Female,Instagram,120,5,50,20,25,Happiness,2,21-25,2-3 hours
602,30,Male,X,90,4,30,20,22,Anger,2,26-30,2-3 hours
603,22,Non-binary,Facebook,60,2,20,10,15,Neutral,1,21-25,1-2 hours
604,28,Female,Instagram,200,8,110,40,45,Anxiety,3,26-30,3+ hours
605,33,Male,LinkedIn,45,1,10,5,12,Boredom,1,31-35,1-2 hours
606,21,Male,Instagram,150,5,65,25,30,Happiness,3,21-25,3+ hours
607,27,Female,X,85,3,40,18,20,Anger,1,26-30,1-2 hours
608,24,Non-binary,Facebook,110,6,35,16,25,Sadness,2,21-25,2-3 hours
609,29,Female,LinkedIn,55,2,15,5,10,Neutral,1,26-30,1-2 hours
610,31,Male,Instagram,170,7,90,35,40,Happiness,3,31-35,3+ hours
611,23,Female,X,75,4,45,20,25,Anxiety,1,21-25,1-2 hours
612,26,Non-binary,Facebook,95,3,30,14,18,Sadness,2,26-30,2-3 hours
613,34,Male,LinkedIn,65,1,14,6,15,Boredom,1,31-35,1-2 hours
614,22,Female,Instagram,180,8,100,38,45,Happiness,3,21-25,3+ hours
615,28,Male,X,100,6,50,30,29,Anger,2,26-30,2-3 hours
616,21,Non-binary,Facebook,40,1,10,4,12,Neutral,1,21-25,1-2 hours
617,35,Female,Instagram,125,5,65,22,28,Anxiety,2,31-35,2-3 hours
618,27,Male,X,90,3,40,16,24,Sadness,2,26-30,2-3 hours
619,23,Non-binary,LinkedIn,50,1,12,6,12,Neutral,1,21-25,1-2 hours
620,32,Female,Instagram,140,6,75,28,30,Happiness,2,31-35,2-3 hours
621,26,Male,Facebook,75,2,30,14,20,Anxiety,1,26-30,1-2 hours
622,24,Female,X,105,4,35,20,23,Anger,2,21-25,2-3 hours
623,29,Male,LinkedIn,60,2,17,8,15,Boredom,1,26-30,1-2 hours
624,33,Non-binary,Instagram,190,8,105,36,50,Happiness,3,31-35,3+ hours
625,22,Female,X,70,3,25,16,15,Sadness,1,21-25,1-2 hours
626,31,Male,Facebook,80,2,20,10,20,Neutral,1,31-35,1-2 hours
627,27,Non-binary,LinkedIn,55,1,12,5,11,Anxiety,1,26-30,1-2 hours
628,25,Female,Instagram,160,6,85,26,30,Happiness,3,21-25,3+ hours
629,30,Male,X,90,4,43,19,24,Anger,2,26-30,2-3 hours
630,26,Non-binary,Facebook,45,1,8,4,12,Sadness,1,26-30,1-2 hours
631,34,Female,LinkedIn,65,2,17,5,14,Boredom,1,31-35,1-2 hours
632,28,Male,Instagram,145,7,80,30,35,Happiness,2,26-30,2-3 hours
633,23,Non-binary,X,70,3,30,14,18,Neutral,1,21-25,1-2 hours
634,21,Female,Instagram,130,6,95,22,28,Sadness,2,21-25,2-3 hours
635,29,Male,Facebook,65,2,27,11,22,Anxiety,1,26-30,1-2 hours
636,24,Non-binary,LinkedIn,55,1,11,6,11,Boredom,1,21-25,1-2 hours
637,33,Female,Instagram,170,7,95,30,38,Happiness,3,31-35,3+ hours
638,27,Male,X,85,4,45,18,24,Anger,1,26-30,1-2 hours
639,22,Female,Instagram,115,3,60,17,30,Neutral,2,21-25,2-3 hours
640,28,Non-binary,Facebook,100,2,22,12,25,Anxiety,2,26-30,2-3 hours
641,31,Male,LinkedIn,45,1,9,4,10,Sadness,1,31-35,1-2 hours
642,25,Female,Instagram,150,6,90,26,30,Happiness,3,21-25,3+ hours
643,29,Male,X,95,4,50,22,22,Anger,2,26-30,2-3 hours
644,23,Non-binary,Facebook,105,2,25,12,18,Neutral,2,21-25,2-3 hours
645,35,Female,LinkedIn,60,1,15,7,14,Boredom,1,31-35,1-2 hours
646,30,Male,Instagram,175,7,100,33,38,Happiness,3,26-30,3+ hours
647,21,Female,X,90,3,37,14,20,Sadness,2,21-25,2-3 hours
648,26,Non-binary,Facebook,75,2,30,12,18,Anxiety,1,26-30,1-2 hours
649,32,Male,Instagram,130,5,80,28,31,Neutral,2,31-35,2-3 hours
650,28,Female,LinkedIn,55,1,12,6,10,Boredom,1,26-30,1-2 hours
651,27,Male,Instagram,165,6,85,30,28,Happiness,3,26-30,3+ hours
652,24,Female,X,75,3,33,18,19,Anger,1,21-25,1-2 hours
653,29,Non-binary,Facebook,85,2,27,9,20,Neutral,1,26-30,1-2 hours
654,33,Female,Instagram,145,4,65,23,35,Sadness,2,31-35,2-3 hours
655,31,Male,LinkedIn,60,1,15,7,17,Anxiety,1,31-35,1-2 hours
656,22,Female,Whatsapp,70,2,42,10,21,Anxiety,1,21-25,1-2 hours
657,25,Male,Telegram,90,3,22,11,22,Boredom,2,21-25,2-3 hours
658,29,Non-binary,Snapchat,50,2,18,7,18,Sadness,1,26-30,1-2 hours
659,28,Female,X,95,4,48,22,25,Happiness,2,26-30,2-3 hours
660,27,Male,Facebook,60,1,12,5,15,Boredom,1,26-30,1-2 hours
661,30,Female,Instagram,175,6,72,30,33,Happiness,3,26-30,3+ hours
662,23,Male,Whatsapp,70,3,22,10,18,Anger,1,21-25,1-2 hours
663,34,Non-binary,Telegram,80,2,21,8,20,Neutral,1,31-35,1-2 hours
664,26,Female,Snapchat,120,4,55,18,30,Anxiety,2,26-30,2-3 hours
665,25,Male,X,90,6,42,14,26,Sadness,2,21-25,2-3 hours
666,29,Non-binary,Facebook,60,1,12,4,12,Boredom,1,26-30,1-2 hours
667,28,Male,Instagram,165,5,78,23,35,Happiness,3,26-30,3+ hours
668,31,Female,Whatsapp,65,2,27,10,20,Neutral,1,31-35,1-2 hours
669,27,Male,Telegram,105,3,48,20,28,Anxiety,2,26-30,2-3 hours
670,22,Non-binary,Snapchat,75,2,21,8,20,Sadness,1,21-25,1-2 hours
671,24,Female,Instagram,140,4,65,22,30,Happiness,2,21-25,2-3 hours
672,35,Male,X,70,1,13,8,10,Boredom,1,31-35,1-2 hours
673,21,Non-binary,Facebook,55,3,17,7,12,Neutral,1,21-25,1-2 hours
674,29,Female,Whatsapp,90,2,24,12,22,Anger,2,26-30,2-3 hours
675,25,Male,Telegram,80,4,30,13,25,Neutral,1,21-25,1-2 hours
676,28,Non-binary,Snapchat,115,3,38,18,27,Anxiety,2,26-30,2-3 hours
677,32,Female,Instagram,155,6,75,25,38,Happiness,3,31-35,3+ hours
678,26,Male,X,75,2,23,12,18,Sadness,1,26-30,1-2 hours
679,33,Non-binary,Facebook,65,1,13,7,14,Anxiety,1,31-35,1-2 hours
680,27,Female,Whatsapp,90,4,37,18,20,Neutral,2,26-30,2-3 hours
681,31,Male,Telegram,50,2,20,10,12,Sadness,1,31-35,1-2 hours
682,24,Non-binary,Snapchat,85,3,33,20,18,Happiness,1,21-25,1-2 hours
683,34,Female,Instagram,120,5,60,25,25,Anger,2,31-35,2-3 hours
684,22,Male,X,70,1,22,7,22,Neutral,1,21-25,1-2 hours
685,29,Non-binary,Facebook,75,2,20,8,20,Boredom,1,26-30,1-2 hours
686,28,Female,Whatsapp,100,4,37,14,26,Anxiety,2,26-30,2-3 hours
687,31,Male,Telegram,85,3,45,20,28,Sadness,1,31-35,1-2 hours
688,21,Non-binary,Snapchat,60,1,18,7,12,Neutral,1,21-25,1-2 hours
689,25,Female,Instagram,170,6,83,30,33,Happiness,3,21-25,3+ hours
690,30,Male,X,70,2,30,12,20,Anxiety,1,26-30,1-2 hours
691,27,Non-binary,Facebook,50,1,10,4,10,Boredom,1,26-30,1-2 hours
692,32,Female,Whatsapp,105,4,55,25,25,Anger,2,31-35,2-3 hours
693,24,Male,Telegram,75,3,37,16,22,Neutral,1,21-25,1-2 hours
694,29,Female,Snapchat,95,2,23,10,28,Sadness,2,26-30,2-3 hours
695,26,Male,Instagram,150,5,70,25,30,Anxiety,3,26-30,3+ hours
696,33,Non-binary,X,85,4,35,18,18,Boredom,1,31-35,1-2 hours
697,22,Female,Facebook,70,1,14,6,10,Neutral,1,21-25,1-2 hours
698,35,Male,Whatsapp,110,3,50,25,25,Happiness,2,31-35,2-3 hours
699,28,Non-binary,Telegram,60,2,18,8,18,Anger,1,26-30,1-2 hours
700,27,Female,Snapchat,120,4,40,18,22,Neutral,2,26-30,2-3 hours
701,25,Female,Instagram,120,5,50,20,25,Happiness,2,21-25,2-3 hours
702,30,Male,X,90,4,30,20,22,Anger,2,26-30,2-3 hours
703,22,Non-binary,Facebook,60,2,20,10,15,Neutral,1,21-25,1-2 hours
704,28,Female,Instagram,200,8,110,40,45,Anxiety,3,26-30,3+ hours
705,33,Male,LinkedIn,45,1,10,5,12,Boredom,1,31-35,1-2 hours
706,21,Male,Instagram,150,5,65,25,30,Happiness,3,21-25,3+ hours
707,27,Female,X,85,3,40,18,20,Anger,1,26-30,1-2 hours
708,24,Non-binary,Facebook,110,6,35,16,25,Sadness,2,21-25,2-3 hours
709,29,Female,LinkedIn,55,2,15,5,10,Neutral,1,26-30,1-2 hours
710,31,Male,Instagram,170,7,90,35,40,Happiness,3,31-35,3+ hours
711,23,Female,X,75,4,45,20,25,Anxiety,1,21-25,1-2 hours
712,26,Non-binary,Facebook,95,3,30,14,18,Sadness,2,26-30,2-3 hours
713,34,Male,LinkedIn,65,1,14,6,15,Boredom,1,31-35,1-2 hours
714,22,Female,Instagram,180,8,100,38,45,Happiness,3,21-25,3+ hours
715,28,Male,X,100,6,50,30,29,Anger,2,26-30,2-3 hours
716,21,Non-binary,Facebook,40,1,10,4,12,Neutral,1,21-25,1-2 hours
717,35,Female,Instagram,125,5,65,22,28,Anxiety,2,31-35,2-3 hours
718,27,Male,X,90,3,40,16,24,Sadness,2,26-30,2-3 hours
719,23,Non-binary,LinkedIn,50,1,12,6,12,Neutral,1,21-25,1-2 hours
720,32,Female,Instagram,140,6,75,28,30,Happiness,2,31-35,2-3 hours
721,26,Male,Facebook,75,2,30,14,20,Anxiety,1,26-30,1-2 hours
722,24,Female,X,105,4,35,20,23,Anger,2,21-25,2-3 hours
723,29,Male,LinkedIn,60,2,17,8,15,Boredom,1,26-30,1-2 hours
724,33,Non-binary,Instagram,190,8,105,36,50,Happiness,3,31-35,3+ hours
725,22,Female,X,70,3,25,16,15,Sadness,1,21-25,1-2 hours
726,31,Male,Facebook,80,2,20,10,20,Neutral,1,31-35,1-2 hours
727,27,Non-binary,LinkedIn,55,1,12,5,11,Anxiety,1,26-30,1-2 hours
728,25,Female,Instagram,160,6,85,26,30,Happiness,3,21-25,3+ hours
729,30,Male,X,90,4,43,19,24,Anger,2,26-30,2-3 hours
730,26,Non-binary,Facebook,45,1,8,4,12,Sadness,1,26-30,1-2 hours
731,34,Female,LinkedIn,65,2,17,5,14,Boredom,1,31-35,1-2 hours
732,28,Male,Instagram,145,7,80,30,35,Happiness,2,26-30,2-3 hours
733,23,Non-binary,X,70,3,30,14,18,Neutral,1,21-25,1-2 hours
734,21,Female,Instagram,130,6,95,22,28,Sadness,2,21-25,2-3 hours
735,29,Male,Facebook,65,2,27,11,22,Anxiety,1,26-30,1-2 hours
736,24,Non-binary,LinkedIn,55,1,11,6,11,Boredom,1,21-25,1-2 hours
737,33,Female,Instagram,170,7,95,30,38,Happiness,3,31-35,3+ hours
738,27,Male,X,85,4,45,18,24,Anger,1,26-30,1-2 hours
739,22,Female,Instagram,115,3,60,17,30,Neutral,2,21-25,2-3 hours
740,28,Non-binary,Facebook,100,2,22,12,25,Anxiety,2,26-30,2-3 hours
741,31,Male,LinkedIn,45,1,9,4,10,Sadness,1,31-35,1-2 hours
742,25,Female,Instagram,150,6,90,26,30,Happiness,3,21-25,3+ hours
743,29,Male,X,95,4,50,22,22,Anger,2,26-30,2-3 hours
744,23,Non-binary,Facebook,105,2,25,12,18,Neutral,2,21-25,2-3 hours
745,35,Female,LinkedIn,60,1,15,7,14,Boredom,1,31-35,1-2 hours
746,30,Male,Instagram,175,7,100,33,38,Happiness,3,26-30,3+ hours
747,21,Female,X,90,3,37,14,20,Sadness,2,21-25,2-3 hours
748,26,Non-binary,Facebook,75,2,30,12,18,Anxiety,1,26-30,1-2 hours
749,32,Male,Instagram,130,5,80,28,31,Neutral,2,31-35,2-3 hours
750,28,Female,LinkedIn,55,1,12,6,10,Boredom,1,26-30,1-2 hours
751,27,Male,Instagram,165,6,85,30,28,Happiness,3,26-30,3+ hours
752,24,Female,X,75,3,33,18,19,Anger,1,21-25,1-2 hours
753,29,Non-binary,Facebook,85,2,27,9,20,Neutral,1,26-30,1-2 hours
754,33,Female,Instagram,145,4,65,23,35,Sadness,2,31-35,2-3 hours
755,31,Male,LinkedIn,60,1,15,7,17,Anxiety,1,31-35,1-2 hours
756,22,Female,Whatsapp,70,2,42,10,21,Anxiety,1,21-25,1-2 hours
757,25,Male,Telegram,90,3,22,11,22,Boredom,2,21-25,2-3 hours
758,29,Non-binary,Snapchat,50,2,18,7,18,Sadness,1,26-30,1-2 hours
759,28,Female,X,95,4,48,22,25,Happiness,2,26-30,2-3 hours
760,27,Male,Facebook,60,1,12,5,15,Boredom,1,26-30,1-2 hours
761,30,Female,Instagram,175,6,72,30,33,Happiness,3,26-30,3+ hours
762,23,Male,Whatsapp,70,3,22,10,18,Anger,1,21-25,1-2 hours
763,34,Non-binary,Telegram,80,2,21,8,20,Neutral,1,31-35,1-2 hours
764,26,Female,Snapchat,120,4,55,18,30,Anxiety,2,26-30,2-3 hours
765,25,Male,X,90,6,42,14,26,Sadness,2,21-25,2-3 hours
766,29,Non-binary,Facebook,60,1,12,4,12,Boredom,1,26-30,1-2 hours
767,28,Male,Instagram,165,5,78,23,35,Happiness,3,26-30,3+ hours
768,31,Female,Whatsapp,65,2,27,10,20,Neutral,1,31-35,1-2 hours
769,27,Male,Telegram,105,3,48,20,28,Anxiety,2,26-30,2-3 hours
770,22,Non-binary,Snapchat,75,2,21,8,20,Sadness,1,21-25,1-2 hours
771,24,Female,Instagram,140,4,65,22,30,Happiness,2,21-25,2-3 hours
772,35,Male,X,70,1,13,8,10,Boredom,1,31-35,1-2 hours
773,21,Non-binary,Facebook,55,3,17,7,12,Neutral,1,21-25,1-2 hours
774,29,Female,Whatsapp,90,2,24,12,22,Anger,2,26-30,2-3 hours
775,25,Male,Telegram,80,4,30,13,25,Neutral,1,21-25,1-2 hours
776,28,Non-binary,Snapchat,115,3,38,18,27,Anxiety,2,26-30,2-3 hours
777,32,Female,Instagram,155,6,75,25,38,Happiness,3,31-35,3+ hours
778,26,Male,X,75,2,23,12,18,Sadness,1,26-30,1-2 hours
779,33,Non-binary,Facebook,65,1,13,7,14,Anxiety,1,31-35,1-2 hours
780,27,Female,Whatsapp,90,4,37,18,20,Neutral,2,26-30,2-3 hours
781,31,Male,Telegram,50,2,20,10,12,Sadness,1,31-35,1-2 hours
782,24,Non-binary,Snapchat,85,3,33,20,18,Happiness,1,21-25,1-2 hours
783,34,Female,Instagram,120,5,60,25,25,Anger,2,31-35,2-3 hours
784,22,Male,X,70,1,22,7,22,Neutral,1,21-25,1-2 hours
785,29,Non-binary,Facebook,75,2,20,8,20,Boredom,1,26-30,1-2 hours
786,28,Female,Whatsapp,100,4,37,14,26,Anxiety,2,26-30,2-3 hours
787,31,Male,Telegram,85,3,45,20,28,Sadness,1,31-35,1-2 hours
788,21,Non-binary,Snapchat,60,1,18,7,12,Neutral,1,21-25,1-2 hours
789,25,Female,Instagram,170,6,83,30,33,Happiness,3,21-25,3+ hours
790,30,Male,X,70,2,30,12,20,Anxiety,1,26-30,1-2 hours
791,27,Non-binary,Facebook,50,1,10,4,10,Boredom,1,26-30,1-2 hours
792,32,Female,Whatsapp,105,4,55,25,25,Anger,2,31-35,2-3 hours
793,24,Male,Telegram,75,3,37,16,22,Neutral,1,21-25,1-2 hours
794,29,Female,Snapchat,95,2,23,10,28,Sadness,2,26-30,2-3 hours
795,26,Male,Instagram,150,5,70,25,30,Anxiety,3,26-30,3+ hours
796,33,Non-binary,X,85,4,35,18,18,Boredom,1,31-35,1-2 hours
797,22,Female,Facebook,70,1,14,6,10,Neutral,1,21-25,1-2 hours
798,35,Male,Whatsapp,110,3,50,25,25,Happiness,2,31-35,2-3 hours
799,28,Non-binary,Telegram,60,2,18,8,18,Anger,1,26-30,1-2 hours
800,27,Female,Snapchat,120,4,40,18,22,Neutral,2,26-30,2-3 hours
801,25,Female,Instagram,120,5,50,20,25,Happiness,2,21-25,2-3 hours
802,30,Male,X,90,4,30,20,22,Anger,2,26-30,2-3 hours
803,22,Non-binary,Facebook,60,2,20,10,15,Neutral,1,21-25,1-2 hours
804,28,Female,Instagram,200,8,110,40,45,Anxiety,3,26-30,3+ hours
805,33,Male,LinkedIn,45,1,10,5,12,Boredom,1,31-35,1-2 hours
806,21,Male,Instagram,150,5,65,25,30,Happiness,3,21-25,3+ hours
807,27,Female,X,85,3,40,18,20,Anger,1,26-30,1-2 hours
808,24,Non-binary,Facebook,110,6,35,16,25,Sadness,2,21-25,2-3 hours
809,29,Female,LinkedIn,55,2,15,5,10,Neutral,1,26-30,1-2 hours
810,31,Male,Instagram,170,7,90,35,40,Happiness,3,31-35,3+ hours
811,23,Female,X,75,4,45,20,25,Anxiety,1,21-25,1-2 hours
812,26,Non-binary,Facebook,95,3,30,14,18,Sadness,2,26-30,2-3 hours
813,34,Male,LinkedIn,65,1,14,6,15,Boredom,1,31-35,1-2 hours
814,22,Female,Instagram,180,8,100,38,45,Happiness,3,21-25,3+ hours
815,28,Male,X,100,6,50,30,29,Anger,2,26-30,2-3 hours
816,21,Non-binary,Facebook,40,1,10,4,12,Neutral,1,21-25,1-2 hours
817,35,Female,Instagram,125,5,65,22,28,Anxiety,2,31-35,2-3 hours
818,27,Male,X,90,3,40,16,24,Sadness,2,26-30,2-3 hours
819,23,Non-binary,LinkedIn,50,1,12,6,12,Neutral,1,21-25,1-2 hours
820,32,Female,Instagram,140,6,75,28,30,Happiness,2,31-35,2-3 hours
821,26,Male,Facebook,75,2,30,14,20,Anxiety,1,26-30,1-2 hours
822,24,Female,X,105,4,35,20,23,Anger,2,21-25,2-3 hours
823,29,Male,LinkedIn,60,2,17,8,15,Boredom,1,26-30,1-2 hours
824,33,Non-binary,Instagram,190,8,105,36,50,Happiness,3,31-35,3+ hours
825,22,Female,X,70,3,25,16,15,Sadness,1,21-25,1-2 hours
826,31,Male,Facebook,80,2,20,10,20,Neutral,1,31-35,1-2 hours
827,27,Non-binary,LinkedIn,55,1,12,5,11,Anxiety,1,26-30,1-2 hours
828,25,Female,Instagram,160,6,85,26,30,Happiness,3,21-25,3+ hours
829,30,Male,X,90,4,43,19,24,Anger,2,26-30,2-3 hours
830,26,Non-binary,Facebook,45,1,8,4,12,Sadness,1,26-30,1-2 hours
831,34,Female,LinkedIn,65,2,17,5,14,Boredom,1,31-35,1-2 hours
832,28,Male,Instagram,145,7,80,30,35,Happiness,2,26-30,2-3 hours
833,23,Non-binary,X,70,3,30,14,18,Neutral,1,21-25,1-2 hours
834,21,Female,Instagram,130,6,95,22,28,Sadness,2,21-25,2-3 hours
835,29,Male,Facebook,65,2,27,11,22,Anxiety,1,26-30,1-2 hours
836,24,Non-binary,LinkedIn,55,1,11,6,11,Boredom,1,21-25,1-2 hours
837,33,Female,Instagram,170,7,95,30,38,Happiness,3,31-35,3+ hours
838,27,Male,X,85,4,45,18,24,Anger,1,26-30,1-2 hours
839,22,Female,Instagram,115,3,60,17,30,Neutral,2,21-25,2-3 hours
840,28,Non-binary,Facebook,100,2,22,12,25,Anxiety,2,26-30,2-3 hours
841,31,Male,LinkedIn,45,1,9,4,10,Sadness,1,31-35,1-2 hours
842,25,Female,Instagram,150,6,90,26,30,Happiness,3,21-25,3+ hours
843,29,Male,X,95,4,50,22,22,Anger,2,26-30,2-3 hours
844,23,Non-binary,Facebook,105,2,25,12,18,Neutral,2,21-25,2-3 hours
845,35,Female,LinkedIn,60,1,15,7,14,Boredom,1,31-35,1-2 hours
846,30,Male,Instagram,175,7,100,33,38,Happiness,3,26-30,3+ hours
847,21,Female,X,90,3,37,14,20,Sadness,2,21-25,2-3 hours
848,26,Non-binary,Facebook,75,2,30,12,18,Anxiety,1,26-30,1-2 hours
849,32,Male,Instagram,130,5,80,28,31,Neutral,2,31-35,2-3 hours
850,28,Female,LinkedIn,55,1,12,6,10,Boredom,1,26-30,1-2 hours
851,27,Male,Instagram,165,6,85,30,28,Happiness,3,26-30,3+ hours
852,24,Female,X,75,3,33,18,19,Anger,1,21-25,1-2 hours
853,29,Non-binary,Facebook,85,2,27,9,20,Neutral,1,26-30,1-2 hours
854,33,Female,Instagram,145,4,65,23,35,Sadness,2,31-35,2-3 hours
855,31,Male,LinkedIn,60,1,15,7,17,Anxiety,1,31-35,1-2 hours
856,22,Female,Whatsapp,70,2,42,10,21,Anxiety,1,21-25,1-2 hours
857,25,Male,Telegram,90,3,22,11,22,Boredom,2,21-25,2-3 hours
858,29,Non-binary,Snapchat,50,2,18,7,18,Sadness,1,26-30,1-2 hours
859,28,Female,X,95,4,48,22,25,Happiness,2,26-30,2-3 hours
860,27,Male,Facebook,60,1,12,5,15,Boredom,1,26-30,1-2 hours
861,30,Female,Instagram,175,6,72,30,33,Happiness,3,26-30,3+ hours
862,23,Male,Whatsapp,70,3,22,10,18,Anger,1,21-25,1-2 hours
863,34,Non-binary,Telegram,80,2,21,8,20,Neutral,1,31-35,1-2 hours
864,26,Female,Snapchat,120,4,55,18,30,Anxiety,2,26-30,2-3 hours
865,25,Male,X,90,6,42,14,26,Sadness,2,21-25,2-3 hours
866,29,Non-binary,Facebook,60,1,12,4,12,Boredom,1,26-30,1-2 hours
867,28,Male,Instagram,165,5,78,23,35,Happiness,3,26-30,3+ hours
868,31,Female,Whatsapp,65,2,27,10,20,Neutral,1,31-35,1-2 hours
869,27,Male,Telegram,105,3,48,20,28,Anxiety,2,26-30,2-3 hours
870,22,Non-binary,Snapchat,75,2,21,8,20,Sadness,1,21-25,1-2 hours
871,24,Female,Instagram,140,4,65,22,30,Happiness,2,21-25,2-3 hours
872,35,Male,X,70,1,13,8,10,Boredom,1,31-35,1-2 hours
873,21,Non-binary,Facebook,55,3,17,7,12,Neutral,1,21-25,1-2 hours
874,29,Female,Whatsapp,90,2,24,12,22,Anger,2,26-30,2-3 hours
875,25,Male,Telegram,80,4,30,13,25,Neutral,1,21-25,1-2 hours
876,28,Non-binary,Snapchat,115,3,38,18,27,Anxiety,2,26-30,2-3 hours
877,32,Female,Instagram,155,6,75,25,38,Happiness,3,31-35,3+ hours
878,26,Male,X,75,2,23,12,18,Sadness,1,26-30,1-2 hours
879,33,Non-binary,Facebook,65,1,13,7,14,Anxiety,1,31-35,1-2 hours
880,27,Female,Whatsapp,90,4,37,18,20,Neutral,2,26-30,2-3 hours
881,31,Male,Telegram,50,2,20,10,12,Sadness,1,31-35,1-2 hours
882,24,Non-binary,Snapchat,85,3,33,20,18,Happiness,1,21-25,1-2 hours
883,34,Female,Instagram,120,5,60,25,25,Anger,2,31-35,2-3 hours
884,22,Male,X,70,1,22,7,22,Neutral,1,21-25,1-2 hours
885,29,Non-binary,Facebook,75,2,20,8,20,Boredom,1,26-30,1-2 hours
886,28,Female,Whatsapp,100,4,37,14,26,Anxiety,2,26-30,2-3 hours
887,31,Male,Telegram,85,3,45,20,28,Sadness,1,31-35,1-2 hours
888,21,Non-binary,Snapchat,60,1,18,7,12,Neutral,1,21-25,1-2 hours
889,25,Female,Instagram,170,6,83,30,33,Happiness,3,21-25,3+ hours
890,30,Male,X,70,2,30,12,20,Anxiety,1,26-30,1-2 hours
891,27,Non-binary,Facebook,50,1,10,4,10,Boredom,1,26-30,1-2 hours
892,32,Female,Whatsapp,105,4,55,25,25,Anger,2,31-35,2-3 hours
893,24,Male,Telegram,75,3,37,16,22,Neutral,1,21-25,1-2 hours
894,29,Female,Snapchat,95,2,23,10,28,Sadness,2,26-30,2-3 hours
895,26,Male,Instagram,150,5,70,25,30,Anxiety,3,26-30,3+ hours
896,33,Non-binary,X,85,4,35,18,18,Boredom,1,31-35,1-2 hours
897,22,Female,Facebook,70,1,14,6,10,Neutral,1,21-25,1-2 hours
898,35,Male,Whatsapp,110,3,50,25,25,Happiness,2,31-35,2-3 hours
899,28,Non-binary,Telegram,60,2,18,8,18,Anger,1,26-30,1-2 hours
900,27,Female,Snapchat,120,4,40,18,22,Neutral,2,26-30,2-3 hours
901,25,Female,Instagram,120,5,50,20,25,Happiness,2,21-25,2-3 hours
902,30,Male,X,90,4,30,20,22,Anger,2,26-30,2-3 hours
903,22,Non-binary,Facebook,60,2,20,10,15,Neutral,1,21-25,1-2 hours
904,28,Female,Instagram,200,8,110,40,45,Anxiety,3,26-30,3+ hours
905,33,Male,LinkedIn,45,1,10,5,12,Boredom,1,31-35,1-2 hours
906,21,Male,Instagram,150,5,65,25,30,Happiness,3,21-25,3+ hours
907,27,Female,X,85,3,40,18,20,Anger,1,26-30,1-2 hours
908,24,Non-binary,Facebook,110,6,35,16,25,Sadness,2,21-25,2-3 hours
909,29,Female,LinkedIn,55,2,15,5,10,Neutral,1,26-30,1-2 hours
910,31,Male,Instagram,170,7,90,35,40,Happiness,3,31-35,3+ hours
911,23,Female,X,75,4,45,20,25,Anxiety,1,21-25,1-2 hours
912,26,Non-binary,Facebook,95,3,30,14,18,Sadness,2,26-30,2-3 hours
913,34,Male,LinkedIn,65,1,14,6,15,Boredom,1,31-35,1-2 hours
914,22,Female,Instagram,180,8,100,38,45,Happiness,3,21-25,3+ hours
915,28,Male,X,100,6,50,30,29,Anger,2,26-30,2-3 hours
916,21,Non-binary,Facebook,40,1,10,4,12,Neutral,1,21-25,1-2 hours
917,35,Female,Instagram,125,5,65,22,28,Anxiety,2,31-35,2-3 hours
918,27,Male,X,90,3,40,16,24,Sadness,2,26-30,2-3 hours
919,23,Non-binary,LinkedIn,50,1,12,6,12,Neutral,1,21-25,1-2 hours
920,32,Female,Instagram,140,6,75,28,30,Happiness,2,31-35,2-3 hours
921,26,Male,Facebook,75,2,30,14,20,Anxiety,1,26-30,1-2 hours
922,24,Female,X,105,4,35,20,23,Anger,2,21-25,2-3 hours
923,29,Male,LinkedIn,60,2,17,8,15,Boredom,1,26-30,1-2 hours
924,33,Non-binary,Instagram,190,8,105,36,50,Happiness,3,31-35,3+ hours
925,22,Female,X,70,3,25,16,15,Sadness,1,21-25,1-2 hours
926,31,Male,Facebook,80,2,20,10,20,Neutral,1,31-35,1-2 hours
927,27,Non-binary,LinkedIn,55,1,12,5,11,Anxiety,1,26-30,1-2 hours
928,25,Female,Instagram,160,6,85,26,30,Happiness,3,21-25,3+ hours
929,30,Male,X,90,4,43,19,24,Anger,2,26-30,2-3 hours
930,26,Non-binary,Facebook,45,1,8,4,12,Sadness,1,26-30,1-2 hours
931,34,Female,LinkedIn,65,2,17,5,14,Boredom,1,31-35,1-2 hours
932,28,Male,Instagram,145,7,80,30,35,Happiness,2,26-30,2-3 hours
933,23,Non-binary,X,70,3,30,14,18,Neutral,1,21-25,1-2 hours
934,21,Female,Instagram,130,6,95,22,28,Sadness,2,21-25,2-3 hours
935,29,Male,Facebook,65,2,27,11,22,Anxiety,1,26-30,1-2 hours
936,24,Non-binary,LinkedIn,55,1,11,6,11,Boredom,1,21-25,1-2 hours
937,33,Female,Instagram,170,7,95,30,38,Happiness,3,31-35,3+ hours
938,27,Male,X,85,4,45,18,24,Anger,1,26-30,1-2 hours
939,22,Female,Instagram,115,3,60,17,30,Neutral,2,21-25,2-3 hours
940,28,Non-binary,Facebook,100,2,22,12,25,Anxiety,2,26-30,2-3 hours
941,31,Male,LinkedIn,45,1,9,4,10,Sadness,1,31-35,1-2 hours
942,25,Female,Instagram,150,6,90,26,30,Happiness,3,21-25,3+ hours
943,29,Male,X,95,4,50,22,22,Anger,2,26-30,2-3 hours
944,23,Non-binary,Facebook,105,2,25,12,18,Neutral,2,21-25,2-3 hours
945,35,Female,LinkedIn,60,1,15,7,14,Boredom,1,31-35,1-2 hours
946,30,Male,Instagram,175,7,100,33,38,Happiness,3,26-30,3+ hours
947,21,Female,X,90,3,37,14,20,Sadness,2,21-25,2-3 hours
948,26,Non-binary,Facebook,75,2,30,12,18,Anxiety,1,26-30,1-2 hours
949,32,Male,Instagram,130,5,80,28,31,Neutral,2,31-35,2-3 hours
950,28,Female,LinkedIn,55,1,12,6,10,Boredom,1,26-30,1-2 hours
951,27,Male,Instagram,165,6,85,30,28,Happiness,3,26-30,3+ hours
952,24,Female,X,75,3,33,18,19,Anger,1,21-25,1-2 hours
953,29,Non-binary,Facebook,85,2,27,9,20,Neutral,1,26-30,1-2 hours
954,33,Female,Instagram,145,4,65,23,35,Sadness,2,31-35,2-3 hours
955,31,Male,LinkedIn,60,1,15,7,17,Anxiety,1,31-35,1-2 hours
956,22,Female,Whatsapp,70,2,42,10,21,Anxiety,1,21-25,1-2 hours
957,25,Male,Telegram,90,3,22,11,22,Boredom,2,21-25,2-3 hours
958,29,Non-binary,Snapchat,50,2,18,7,18,Sadness,1,26-30,1-2 hours
959,28,Female,X,95,4,48,22,25,Happiness,2,26-30,2-3 hours
960,27,Male,Facebook,60,1,12,5,15,Boredom,1,26-30,1-2 hours
961,30,Female,Instagram,175,6,72,30,33,Happiness,3,26-30,3+ hours
962,23,Male,Whatsapp,70,3,22,10,18,Anger,1,21-25,1-2 hours
963,34,Non-binary,Telegram,80,2,21,8,20,Neutral,1,31-35,1-2 hours
964,26,Female,Snapchat,120,4,55,18,30,Anxiety,2,26-30,2-3 hours
965,25,Male,X,90,6,42,14,26,Sadness,2,21-25,2-3 hours
966,29,Non-binary,Facebook,60,1,12,4,12,Boredom,1,26-30,1-2 hours
967,28,Male,Instagram,165,5,78,23,35,Happiness,3,26-30,3+ hours
968,31,Female,Whatsapp,65,2,27,10,20,Neutral,1,31-35,1-2 hours
969,27,Male,Telegram,105,3,48,20,28,Anxiety,2,26-30,2-3 hours
970,22,Non-binary,Snapchat,75,2,21,8,20,Sadness,1,21-25,1-2 hours
971,24,Female,Instagram,140,4,65,22,30,Happiness,2,21-25,2-3 hours
972,35,Male,X,70,1,13,8,10,Boredom,1,31-35,1-2 hours
973,21,Non-binary,Facebook,55,3,17,7,12,Neutral,1,21-25,1-2 hours
974,29,Female,Whatsapp,90,2,24,12,22,Anger,2,26-30,2-3 hours
975,25,Male,Telegram,80,4,30,13,25,Neutral,1,21-25,1-2 hours
976,28,Non-binary,Snapchat,115,3,38,18,27,Anxiety,2,26-30,2-3 hours
977,32,Female,Instagram,155,6,75,25,38,Happiness,3,31-35,3+ hours
978,26,Male,X,75,2,23,12,18,Sadness,1,26-30,1-2 hours
979,33,Non-binary,Facebook,65,1,13,7,14,Anxiety,1,31-35,1-2 hours
980,27,Female,Whatsapp,90,4,37,18,20,Neutral,2,26-30,2-3 hours
981,31,Male,Telegram,50,2,20,10,12,Sadness,1,31-35,1-2 hours
982,24,Non-binary,Snapchat,85,3,33,20,18,Happiness,1,21-25,1-2 hours
983,34,Female,Instagram,120,5,60,25,25,Anger,2,31-35,2-3 hours
984,22,Male,X,70,1,22,7,22,Neutral,1,21-25,1-2 hours
985,29,Non-binary,Facebook,75,2,20,8,20,Boredom,1,26-30,1-2 hours
986,28,Female,Whatsapp,100,4,37,14,26,Anxiety,2,26-30,2-3 hours
987,31,Male,Telegram,85,3,45,20,28,Sadness,1,31-35,1-2 hours
988,21,Non-binary,Snapchat,60,1,18,7,12,Neutral,1,21-25,1-2 hours
989,25,Female,Instagram,170,6,83,30,33,Happiness,3,21-25,3+ hours
990,30,Male,X,70,2,30,12,20,Anxiety,1,26-30,1-2 hours
991,27,Non-binary,Facebook,50,1,10,4,10,Boredom,1,26-30,1-2 hours
992,32,Female,Whatsapp,105,4,55,25,25,Anger,2,31-35,2-3 hours
993,24,Male,Telegram,75,3,37,16,22,Neutral,1,21-25,1-2 hours
994,29,Female,Snapchat,95,2,23,10,28,Sadness,2,26-30,2-3 hours
995,26,Male,Instagram,150,5,70,25,30,Anxiety,3,26-30,3+ hours
996,33,Non-binary,X,85,4,35,18,18,Boredom,1,31-35,1-2 hours
997,22,Female,Facebook,70,1,14,6,10,Neutral,1,21-25,1-2 hours
998,35,Male,Whatsapp,110,3,50,25,25,Happiness,2,31-35,2-3 hours
999,28,Non-binary,Telegram,60,2,18,8,18,Anger,1,26-30,1-2 hours
1000,27,Female,Snapchat,120,4,40,18,22,Neutral,2,26-30,2-3 hours
